Start Time,End Time,Number of Responses,Average Value
1530283363893,1530283423892,2,11.166031082032326
1530283423893,1530283483892,2,7.448252063350078
1530283483893,1530283543892,3,8.583484979123595
